country_iso3,reference_year,region_code,region_label,data_coverage_class,nb_pillars_observed,nb_pillars_accelerating,nb_pillars_progressing,nb_pillars_stable,nb_pillars_declining,nb_pillars_critical,sovereign_momentum,amar_risk_band
AGO,2024,AFC,Afrique Centrale,FULL_COVERAGE,10,1,5,2,0,2,POSITIVE_MOMENTUM,YELLOW
BDI,2024,AFE,Afrique de l'Est,FULL_COVERAGE,10,1,2,4,1,2,MIXED_MOMENTUM,YELLOW
BEN,2024,AFW,Afrique de l'Ouest,FULL_COVERAGE,10,0,3,2,3,2,NEGATIVE_MOMENTUM,YELLOW
BFA,2024,AFW,Afrique de l'Ouest,FULL_COVERAGE,10,2,0,3,2,3,NEGATIVE_MOMENTUM,YELLOW
BWA,2024,AFS,Afrique Australe,FULL_COVERAGE,10,1,1,4,1,3,NEGATIVE_MOMENTUM,YELLOW
CAF,2024,AFC,Afrique Centrale,FULL_COVERAGE,10,0,0,5,4,1,NEGATIVE_MOMENTUM,YELLOW
CIV,2024,AFW,Afrique de l'Ouest,FULL_COVERAGE,10,1,2,1,4,2,NEGATIVE_MOMENTUM,YELLOW
CMR,2024,AFC,Afrique Centrale,FULL_COVERAGE,10,0,2,1,5,2,NEGATIVE_MOMENTUM,YELLOW
COD,2024,AFC,Afrique Centrale,FULL_COVERAGE,10,1,1,3,2,3,NEGATIVE_MOMENTUM,YELLOW
COG,2024,AFC,Afrique Centrale,FULL_COVERAGE,10,1,1,3,0,5,NEGATIVE_MOMENTUM,YELLOW
COM,2024,AFE,Afrique de l'Est,FULL_COVERAGE,10,0,1,6,0,3,NEGATIVE_MOMENTUM,YELLOW
CPV,2024,AFW,Afrique de l'Ouest,FULL_COVERAGE,10,0,0,3,4,3,NEGATIVE_MOMENTUM,YELLOW
DJI,2024,AFE,Afrique de l'Est,FULL_COVERAGE,10,0,3,4,2,1,MIXED_MOMENTUM,YELLOW
DZA,2024,AFN,Afrique du Nord,FULL_COVERAGE,10,1,3,1,2,3,NEGATIVE_MOMENTUM,YELLOW
EGY,2024,AFN,Afrique du Nord,FULL_COVERAGE,10,1,1,1,2,5,NEGATIVE_MOMENTUM,YELLOW
ERI,2024,AFE,Afrique de l'Est,FULL_COVERAGE,10,2,2,3,0,3,POSITIVE_MOMENTUM,YELLOW
ETH,2024,AFE,Afrique de l'Est,FULL_COVERAGE,10,2,1,1,4,2,NEGATIVE_MOMENTUM,YELLOW
GAB,2024,AFC,Afrique Centrale,FULL_COVERAGE,10,0,1,5,0,4,NEGATIVE_MOMENTUM,YELLOW
GHA,2024,AFW,Afrique de l'Ouest,FULL_COVERAGE,10,1,0,3,2,4,NEGATIVE_MOMENTUM,YELLOW
GIN,2024,AFW,Afrique de l'Ouest,FULL_COVERAGE,10,1,2,5,1,1,POSITIVE_MOMENTUM,YELLOW
GMB,2024,AFW,Afrique de l'Ouest,FULL_COVERAGE,10,0,1,4,1,4,NEGATIVE_MOMENTUM,YELLOW
GNB,2024,AFW,Afrique de l'Ouest,FULL_COVERAGE,10,3,0,2,1,4,NEGATIVE_MOMENTUM,YELLOW
GNQ,2024,AFC,Afrique Centrale,FULL_COVERAGE,10,1,1,2,1,5,NEGATIVE_MOMENTUM,YELLOW
KEN,2024,AFE,Afrique de l'Est,FULL_COVERAGE,10,2,2,4,2,0,POSITIVE_MOMENTUM,YELLOW
LBR,2024,AFW,Afrique de l'Ouest,FULL_COVERAGE,10,1,1,1,4,3,NEGATIVE_MOMENTUM,YELLOW
LBY,2024,AFN,Afrique du Nord,FULL_COVERAGE,10,0,0,2,4,4,NEGATIVE_MOMENTUM,YELLOW
LSO,2024,AFS,Afrique Australe,FULL_COVERAGE,10,0,1,3,5,1,NEGATIVE_MOMENTUM,YELLOW
MAR,2024,AFN,Afrique du Nord,FULL_COVERAGE,10,1,1,2,4,2,NEGATIVE_MOMENTUM,YELLOW
MDG,2024,AFE,Afrique de l'Est,FULL_COVERAGE,10,2,2,2,1,3,MIXED_MOMENTUM,YELLOW
MLI,2024,AFW,Afrique de l'Ouest,FULL_COVERAGE,10,1,2,2,3,2,NEGATIVE_MOMENTUM,YELLOW
MOZ,2024,AFE,Afrique de l'Est,FULL_COVERAGE,10,0,2,4,3,1,NEGATIVE_MOMENTUM,YELLOW
MRT,2024,AFN,Afrique du Nord,FULL_COVERAGE,10,1,1,3,3,2,NEGATIVE_MOMENTUM,YELLOW
MUS,2024,AFE,Afrique de l'Est,FULL_COVERAGE,10,0,2,3,1,4,NEGATIVE_MOMENTUM,YELLOW
MWI,2024,AFE,Afrique de l'Est,FULL_COVERAGE,10,0,1,2,4,3,NEGATIVE_MOMENTUM,YELLOW
NAM,2024,AFS,Afrique Australe,FULL_COVERAGE,10,0,2,3,1,4,NEGATIVE_MOMENTUM,YELLOW
NER,2024,AFW,Afrique de l'Ouest,FULL_COVERAGE,10,0,2,1,7,0,NEGATIVE_MOMENTUM,YELLOW
NGA,2024,AFW,Afrique de l'Ouest,FULL_COVERAGE,10,1,1,1,3,4,NEGATIVE_MOMENTUM,YELLOW
RWA,2024,AFE,Afrique de l'Est,FULL_COVERAGE,10,0,5,2,0,3,POSITIVE_MOMENTUM,YELLOW
SDN,2024,AFN,Afrique du Nord,FULL_COVERAGE,10,1,0,2,3,4,NEGATIVE_MOMENTUM,ORANGE
SEN,2024,AFW,Afrique de l'Ouest,FULL_COVERAGE,10,2,2,2,2,2,MIXED_MOMENTUM,YELLOW
SLE,2024,AFW,Afrique de l'Ouest,FULL_COVERAGE,10,1,1,5,1,2,NEGATIVE_MOMENTUM,YELLOW
SOM,2024,AFE,Afrique de l'Est,FULL_COVERAGE,10,2,4,1,2,1,POSITIVE_MOMENTUM,YELLOW
SSD,2024,AFE,Afrique de l'Est,FULL_COVERAGE,10,1,4,3,2,0,POSITIVE_MOMENTUM,ORANGE
STP,2024,AFC,Afrique Centrale,FULL_COVERAGE,10,0,1,2,3,4,NEGATIVE_MOMENTUM,YELLOW
SWZ,2024,AFS,Afrique Australe,FULL_COVERAGE,10,0,1,2,5,2,NEGATIVE_MOMENTUM,YELLOW
SYC,2024,AFE,Afrique de l'Est,FULL_COVERAGE,10,0,1,3,2,4,NEGATIVE_MOMENTUM,YELLOW
TCD,2024,AFC,Afrique Centrale,FULL_COVERAGE,10,1,1,2,4,2,NEGATIVE_MOMENTUM,YELLOW
TGO,2024,AFW,Afrique de l'Ouest,FULL_COVERAGE,10,0,2,2,4,2,NEGATIVE_MOMENTUM,YELLOW
TUN,2024,AFN,Afrique du Nord,FULL_COVERAGE,10,1,1,2,1,5,NEGATIVE_MOMENTUM,YELLOW
TZA,2024,AFE,Afrique de l'Est,FULL_COVERAGE,10,2,2,3,1,2,POSITIVE_MOMENTUM,YELLOW
UGA,2024,AFE,Afrique de l'Est,FULL_COVERAGE,10,2,1,4,2,1,MIXED_MOMENTUM,YELLOW
ZAF,2024,AFS,Afrique Australe,FULL_COVERAGE,10,0,3,1,3,3,NEGATIVE_MOMENTUM,YELLOW
ZMB,2024,AFE,Afrique de l'Est,FULL_COVERAGE,10,0,2,4,3,1,NEGATIVE_MOMENTUM,YELLOW
ZWE,2024,AFE,Afrique de l'Est,FULL_COVERAGE,10,2,1,2,2,3,NEGATIVE_MOMENTUM,YELLOW
