country_iso3,year,risk_code,risk_band,source_engine,public_narrative
SDN,2024,ATROCITY_PRECURSOR,ORANGE,P7I-AMAR,Early-warning atrocity precursor risk requiring reinforced monitoring.
SSD,2024,ATROCITY_PRECURSOR,ORANGE,P7I-AMAR,Early-warning atrocity precursor risk requiring reinforced monitoring.
AGO,2024,ATROCITY_PRECURSOR,YELLOW,P7I-AMAR,Watchlist civilian protection risk requiring regular monitoring.
BDI,2024,ATROCITY_PRECURSOR,YELLOW,P7I-AMAR,Watchlist civilian protection risk requiring regular monitoring.
BEN,2024,ATROCITY_PRECURSOR,YELLOW,P7I-AMAR,Watchlist civilian protection risk requiring regular monitoring.
BFA,2024,ATROCITY_PRECURSOR,YELLOW,P7I-AMAR,Watchlist civilian protection risk requiring regular monitoring.
BWA,2024,ATROCITY_PRECURSOR,YELLOW,P7I-AMAR,Watchlist civilian protection risk requiring regular monitoring.
CAF,2024,ATROCITY_PRECURSOR,YELLOW,P7I-AMAR,Watchlist civilian protection risk requiring regular monitoring.
CIV,2024,ATROCITY_PRECURSOR,YELLOW,P7I-AMAR,Watchlist civilian protection risk requiring regular monitoring.
CMR,2024,ATROCITY_PRECURSOR,YELLOW,P7I-AMAR,Watchlist civilian protection risk requiring regular monitoring.
COD,2024,ATROCITY_PRECURSOR,YELLOW,P7I-AMAR,Watchlist civilian protection risk requiring regular monitoring.
COG,2024,ATROCITY_PRECURSOR,YELLOW,P7I-AMAR,Watchlist civilian protection risk requiring regular monitoring.
COM,2024,ATROCITY_PRECURSOR,YELLOW,P7I-AMAR,Watchlist civilian protection risk requiring regular monitoring.
CPV,2024,ATROCITY_PRECURSOR,YELLOW,P7I-AMAR,Watchlist civilian protection risk requiring regular monitoring.
DJI,2024,ATROCITY_PRECURSOR,YELLOW,P7I-AMAR,Watchlist civilian protection risk requiring regular monitoring.
DZA,2024,ATROCITY_PRECURSOR,YELLOW,P7I-AMAR,Watchlist civilian protection risk requiring regular monitoring.
EGY,2024,ATROCITY_PRECURSOR,YELLOW,P7I-AMAR,Watchlist civilian protection risk requiring regular monitoring.
ERI,2024,ATROCITY_PRECURSOR,YELLOW,P7I-AMAR,Watchlist civilian protection risk requiring regular monitoring.
ETH,2024,ATROCITY_PRECURSOR,YELLOW,P7I-AMAR,Watchlist civilian protection risk requiring regular monitoring.
GAB,2024,ATROCITY_PRECURSOR,YELLOW,P7I-AMAR,Watchlist civilian protection risk requiring regular monitoring.
GHA,2024,ATROCITY_PRECURSOR,YELLOW,P7I-AMAR,Watchlist civilian protection risk requiring regular monitoring.
GIN,2024,ATROCITY_PRECURSOR,YELLOW,P7I-AMAR,Watchlist civilian protection risk requiring regular monitoring.
GMB,2024,ATROCITY_PRECURSOR,YELLOW,P7I-AMAR,Watchlist civilian protection risk requiring regular monitoring.
GNB,2024,ATROCITY_PRECURSOR,YELLOW,P7I-AMAR,Watchlist civilian protection risk requiring regular monitoring.
GNQ,2024,ATROCITY_PRECURSOR,YELLOW,P7I-AMAR,Watchlist civilian protection risk requiring regular monitoring.
KEN,2024,ATROCITY_PRECURSOR,YELLOW,P7I-AMAR,Watchlist civilian protection risk requiring regular monitoring.
LBR,2024,ATROCITY_PRECURSOR,YELLOW,P7I-AMAR,Watchlist civilian protection risk requiring regular monitoring.
LBY,2024,ATROCITY_PRECURSOR,YELLOW,P7I-AMAR,Watchlist civilian protection risk requiring regular monitoring.
LSO,2024,ATROCITY_PRECURSOR,YELLOW,P7I-AMAR,Watchlist civilian protection risk requiring regular monitoring.
MAR,2024,ATROCITY_PRECURSOR,YELLOW,P7I-AMAR,Watchlist civilian protection risk requiring regular monitoring.
MDG,2024,ATROCITY_PRECURSOR,YELLOW,P7I-AMAR,Watchlist civilian protection risk requiring regular monitoring.
MLI,2024,ATROCITY_PRECURSOR,YELLOW,P7I-AMAR,Watchlist civilian protection risk requiring regular monitoring.
MOZ,2024,ATROCITY_PRECURSOR,YELLOW,P7I-AMAR,Watchlist civilian protection risk requiring regular monitoring.
MRT,2024,ATROCITY_PRECURSOR,YELLOW,P7I-AMAR,Watchlist civilian protection risk requiring regular monitoring.
MUS,2024,ATROCITY_PRECURSOR,YELLOW,P7I-AMAR,Watchlist civilian protection risk requiring regular monitoring.
MWI,2024,ATROCITY_PRECURSOR,YELLOW,P7I-AMAR,Watchlist civilian protection risk requiring regular monitoring.
NAM,2024,ATROCITY_PRECURSOR,YELLOW,P7I-AMAR,Watchlist civilian protection risk requiring regular monitoring.
NER,2024,ATROCITY_PRECURSOR,YELLOW,P7I-AMAR,Watchlist civilian protection risk requiring regular monitoring.
NGA,2024,ATROCITY_PRECURSOR,YELLOW,P7I-AMAR,Watchlist civilian protection risk requiring regular monitoring.
RWA,2024,ATROCITY_PRECURSOR,YELLOW,P7I-AMAR,Watchlist civilian protection risk requiring regular monitoring.
SEN,2024,ATROCITY_PRECURSOR,YELLOW,P7I-AMAR,Watchlist civilian protection risk requiring regular monitoring.
SLE,2024,ATROCITY_PRECURSOR,YELLOW,P7I-AMAR,Watchlist civilian protection risk requiring regular monitoring.
SOM,2024,ATROCITY_PRECURSOR,YELLOW,P7I-AMAR,Watchlist civilian protection risk requiring regular monitoring.
STP,2024,ATROCITY_PRECURSOR,YELLOW,P7I-AMAR,Watchlist civilian protection risk requiring regular monitoring.
SWZ,2024,ATROCITY_PRECURSOR,YELLOW,P7I-AMAR,Watchlist civilian protection risk requiring regular monitoring.
SYC,2024,ATROCITY_PRECURSOR,YELLOW,P7I-AMAR,Watchlist civilian protection risk requiring regular monitoring.
TCD,2024,ATROCITY_PRECURSOR,YELLOW,P7I-AMAR,Watchlist civilian protection risk requiring regular monitoring.
TGO,2024,ATROCITY_PRECURSOR,YELLOW,P7I-AMAR,Watchlist civilian protection risk requiring regular monitoring.
TUN,2024,ATROCITY_PRECURSOR,YELLOW,P7I-AMAR,Watchlist civilian protection risk requiring regular monitoring.
TZA,2024,ATROCITY_PRECURSOR,YELLOW,P7I-AMAR,Watchlist civilian protection risk requiring regular monitoring.
UGA,2024,ATROCITY_PRECURSOR,YELLOW,P7I-AMAR,Watchlist civilian protection risk requiring regular monitoring.
ZAF,2024,ATROCITY_PRECURSOR,YELLOW,P7I-AMAR,Watchlist civilian protection risk requiring regular monitoring.
ZMB,2024,ATROCITY_PRECURSOR,YELLOW,P7I-AMAR,Watchlist civilian protection risk requiring regular monitoring.
ZWE,2024,ATROCITY_PRECURSOR,YELLOW,P7I-AMAR,Watchlist civilian protection risk requiring regular monitoring.
SSD,2023,ATROCITY_PRECURSOR,ORANGE,P7I-AMAR,Early-warning atrocity precursor risk requiring reinforced monitoring.
AGO,2023,ATROCITY_PRECURSOR,YELLOW,P7I-AMAR,Watchlist civilian protection risk requiring regular monitoring.
BDI,2023,ATROCITY_PRECURSOR,YELLOW,P7I-AMAR,Watchlist civilian protection risk requiring regular monitoring.
BEN,2023,ATROCITY_PRECURSOR,YELLOW,P7I-AMAR,Watchlist civilian protection risk requiring regular monitoring.
BFA,2023,ATROCITY_PRECURSOR,YELLOW,P7I-AMAR,Watchlist civilian protection risk requiring regular monitoring.
BWA,2023,ATROCITY_PRECURSOR,YELLOW,P7I-AMAR,Watchlist civilian protection risk requiring regular monitoring.
CAF,2023,ATROCITY_PRECURSOR,YELLOW,P7I-AMAR,Watchlist civilian protection risk requiring regular monitoring.
CIV,2023,ATROCITY_PRECURSOR,YELLOW,P7I-AMAR,Watchlist civilian protection risk requiring regular monitoring.
CMR,2023,ATROCITY_PRECURSOR,YELLOW,P7I-AMAR,Watchlist civilian protection risk requiring regular monitoring.
COD,2023,ATROCITY_PRECURSOR,YELLOW,P7I-AMAR,Watchlist civilian protection risk requiring regular monitoring.
COG,2023,ATROCITY_PRECURSOR,YELLOW,P7I-AMAR,Watchlist civilian protection risk requiring regular monitoring.
COM,2023,ATROCITY_PRECURSOR,YELLOW,P7I-AMAR,Watchlist civilian protection risk requiring regular monitoring.
CPV,2023,ATROCITY_PRECURSOR,YELLOW,P7I-AMAR,Watchlist civilian protection risk requiring regular monitoring.
DJI,2023,ATROCITY_PRECURSOR,YELLOW,P7I-AMAR,Watchlist civilian protection risk requiring regular monitoring.
DZA,2023,ATROCITY_PRECURSOR,YELLOW,P7I-AMAR,Watchlist civilian protection risk requiring regular monitoring.
EGY,2023,ATROCITY_PRECURSOR,YELLOW,P7I-AMAR,Watchlist civilian protection risk requiring regular monitoring.
ERI,2023,ATROCITY_PRECURSOR,YELLOW,P7I-AMAR,Watchlist civilian protection risk requiring regular monitoring.
ETH,2023,ATROCITY_PRECURSOR,YELLOW,P7I-AMAR,Watchlist civilian protection risk requiring regular monitoring.
GAB,2023,ATROCITY_PRECURSOR,YELLOW,P7I-AMAR,Watchlist civilian protection risk requiring regular monitoring.
GHA,2023,ATROCITY_PRECURSOR,YELLOW,P7I-AMAR,Watchlist civilian protection risk requiring regular monitoring.
GIN,2023,ATROCITY_PRECURSOR,YELLOW,P7I-AMAR,Watchlist civilian protection risk requiring regular monitoring.
GMB,2023,ATROCITY_PRECURSOR,YELLOW,P7I-AMAR,Watchlist civilian protection risk requiring regular monitoring.
GNB,2023,ATROCITY_PRECURSOR,YELLOW,P7I-AMAR,Watchlist civilian protection risk requiring regular monitoring.
GNQ,2023,ATROCITY_PRECURSOR,YELLOW,P7I-AMAR,Watchlist civilian protection risk requiring regular monitoring.
KEN,2023,ATROCITY_PRECURSOR,YELLOW,P7I-AMAR,Watchlist civilian protection risk requiring regular monitoring.
LBR,2023,ATROCITY_PRECURSOR,YELLOW,P7I-AMAR,Watchlist civilian protection risk requiring regular monitoring.
LBY,2023,ATROCITY_PRECURSOR,YELLOW,P7I-AMAR,Watchlist civilian protection risk requiring regular monitoring.
LSO,2023,ATROCITY_PRECURSOR,YELLOW,P7I-AMAR,Watchlist civilian protection risk requiring regular monitoring.
MAR,2023,ATROCITY_PRECURSOR,YELLOW,P7I-AMAR,Watchlist civilian protection risk requiring regular monitoring.
MDG,2023,ATROCITY_PRECURSOR,YELLOW,P7I-AMAR,Watchlist civilian protection risk requiring regular monitoring.
MLI,2023,ATROCITY_PRECURSOR,YELLOW,P7I-AMAR,Watchlist civilian protection risk requiring regular monitoring.
MOZ,2023,ATROCITY_PRECURSOR,YELLOW,P7I-AMAR,Watchlist civilian protection risk requiring regular monitoring.
MRT,2023,ATROCITY_PRECURSOR,YELLOW,P7I-AMAR,Watchlist civilian protection risk requiring regular monitoring.
MUS,2023,ATROCITY_PRECURSOR,YELLOW,P7I-AMAR,Watchlist civilian protection risk requiring regular monitoring.
MWI,2023,ATROCITY_PRECURSOR,YELLOW,P7I-AMAR,Watchlist civilian protection risk requiring regular monitoring.
NAM,2023,ATROCITY_PRECURSOR,YELLOW,P7I-AMAR,Watchlist civilian protection risk requiring regular monitoring.
NER,2023,ATROCITY_PRECURSOR,YELLOW,P7I-AMAR,Watchlist civilian protection risk requiring regular monitoring.
NGA,2023,ATROCITY_PRECURSOR,YELLOW,P7I-AMAR,Watchlist civilian protection risk requiring regular monitoring.
RWA,2023,ATROCITY_PRECURSOR,YELLOW,P7I-AMAR,Watchlist civilian protection risk requiring regular monitoring.
SDN,2023,ATROCITY_PRECURSOR,YELLOW,P7I-AMAR,Watchlist civilian protection risk requiring regular monitoring.
SEN,2023,ATROCITY_PRECURSOR,YELLOW,P7I-AMAR,Watchlist civilian protection risk requiring regular monitoring.
SLE,2023,ATROCITY_PRECURSOR,YELLOW,P7I-AMAR,Watchlist civilian protection risk requiring regular monitoring.
SOM,2023,ATROCITY_PRECURSOR,YELLOW,P7I-AMAR,Watchlist civilian protection risk requiring regular monitoring.
STP,2023,ATROCITY_PRECURSOR,YELLOW,P7I-AMAR,Watchlist civilian protection risk requiring regular monitoring.
SWZ,2023,ATROCITY_PRECURSOR,YELLOW,P7I-AMAR,Watchlist civilian protection risk requiring regular monitoring.
SYC,2023,ATROCITY_PRECURSOR,YELLOW,P7I-AMAR,Watchlist civilian protection risk requiring regular monitoring.
TCD,2023,ATROCITY_PRECURSOR,YELLOW,P7I-AMAR,Watchlist civilian protection risk requiring regular monitoring.
TGO,2023,ATROCITY_PRECURSOR,YELLOW,P7I-AMAR,Watchlist civilian protection risk requiring regular monitoring.
TUN,2023,ATROCITY_PRECURSOR,YELLOW,P7I-AMAR,Watchlist civilian protection risk requiring regular monitoring.
TZA,2023,ATROCITY_PRECURSOR,YELLOW,P7I-AMAR,Watchlist civilian protection risk requiring regular monitoring.
UGA,2023,ATROCITY_PRECURSOR,YELLOW,P7I-AMAR,Watchlist civilian protection risk requiring regular monitoring.
ZAF,2023,ATROCITY_PRECURSOR,YELLOW,P7I-AMAR,Watchlist civilian protection risk requiring regular monitoring.
ZMB,2023,ATROCITY_PRECURSOR,YELLOW,P7I-AMAR,Watchlist civilian protection risk requiring regular monitoring.
ZWE,2023,ATROCITY_PRECURSOR,YELLOW,P7I-AMAR,Watchlist civilian protection risk requiring regular monitoring.
AGO,2022,ATROCITY_PRECURSOR,YELLOW,P7I-AMAR,Watchlist civilian protection risk requiring regular monitoring.
BDI,2022,ATROCITY_PRECURSOR,YELLOW,P7I-AMAR,Watchlist civilian protection risk requiring regular monitoring.
BEN,2022,ATROCITY_PRECURSOR,YELLOW,P7I-AMAR,Watchlist civilian protection risk requiring regular monitoring.
BFA,2022,ATROCITY_PRECURSOR,YELLOW,P7I-AMAR,Watchlist civilian protection risk requiring regular monitoring.
BWA,2022,ATROCITY_PRECURSOR,YELLOW,P7I-AMAR,Watchlist civilian protection risk requiring regular monitoring.
CAF,2022,ATROCITY_PRECURSOR,YELLOW,P7I-AMAR,Watchlist civilian protection risk requiring regular monitoring.
CIV,2022,ATROCITY_PRECURSOR,YELLOW,P7I-AMAR,Watchlist civilian protection risk requiring regular monitoring.
CMR,2022,ATROCITY_PRECURSOR,YELLOW,P7I-AMAR,Watchlist civilian protection risk requiring regular monitoring.
COD,2022,ATROCITY_PRECURSOR,YELLOW,P7I-AMAR,Watchlist civilian protection risk requiring regular monitoring.
COG,2022,ATROCITY_PRECURSOR,YELLOW,P7I-AMAR,Watchlist civilian protection risk requiring regular monitoring.
COM,2022,ATROCITY_PRECURSOR,YELLOW,P7I-AMAR,Watchlist civilian protection risk requiring regular monitoring.
CPV,2022,ATROCITY_PRECURSOR,YELLOW,P7I-AMAR,Watchlist civilian protection risk requiring regular monitoring.
DJI,2022,ATROCITY_PRECURSOR,YELLOW,P7I-AMAR,Watchlist civilian protection risk requiring regular monitoring.
DZA,2022,ATROCITY_PRECURSOR,YELLOW,P7I-AMAR,Watchlist civilian protection risk requiring regular monitoring.
EGY,2022,ATROCITY_PRECURSOR,YELLOW,P7I-AMAR,Watchlist civilian protection risk requiring regular monitoring.
ERI,2022,ATROCITY_PRECURSOR,YELLOW,P7I-AMAR,Watchlist civilian protection risk requiring regular monitoring.
ETH,2022,ATROCITY_PRECURSOR,YELLOW,P7I-AMAR,Watchlist civilian protection risk requiring regular monitoring.
GAB,2022,ATROCITY_PRECURSOR,YELLOW,P7I-AMAR,Watchlist civilian protection risk requiring regular monitoring.
GHA,2022,ATROCITY_PRECURSOR,YELLOW,P7I-AMAR,Watchlist civilian protection risk requiring regular monitoring.
GIN,2022,ATROCITY_PRECURSOR,YELLOW,P7I-AMAR,Watchlist civilian protection risk requiring regular monitoring.
GMB,2022,ATROCITY_PRECURSOR,YELLOW,P7I-AMAR,Watchlist civilian protection risk requiring regular monitoring.
GNB,2022,ATROCITY_PRECURSOR,YELLOW,P7I-AMAR,Watchlist civilian protection risk requiring regular monitoring.
GNQ,2022,ATROCITY_PRECURSOR,YELLOW,P7I-AMAR,Watchlist civilian protection risk requiring regular monitoring.
KEN,2022,ATROCITY_PRECURSOR,YELLOW,P7I-AMAR,Watchlist civilian protection risk requiring regular monitoring.
LBR,2022,ATROCITY_PRECURSOR,YELLOW,P7I-AMAR,Watchlist civilian protection risk requiring regular monitoring.
LBY,2022,ATROCITY_PRECURSOR,YELLOW,P7I-AMAR,Watchlist civilian protection risk requiring regular monitoring.
LSO,2022,ATROCITY_PRECURSOR,YELLOW,P7I-AMAR,Watchlist civilian protection risk requiring regular monitoring.
MAR,2022,ATROCITY_PRECURSOR,YELLOW,P7I-AMAR,Watchlist civilian protection risk requiring regular monitoring.
MDG,2022,ATROCITY_PRECURSOR,YELLOW,P7I-AMAR,Watchlist civilian protection risk requiring regular monitoring.
MLI,2022,ATROCITY_PRECURSOR,YELLOW,P7I-AMAR,Watchlist civilian protection risk requiring regular monitoring.
MOZ,2022,ATROCITY_PRECURSOR,YELLOW,P7I-AMAR,Watchlist civilian protection risk requiring regular monitoring.
MRT,2022,ATROCITY_PRECURSOR,YELLOW,P7I-AMAR,Watchlist civilian protection risk requiring regular monitoring.
MUS,2022,ATROCITY_PRECURSOR,YELLOW,P7I-AMAR,Watchlist civilian protection risk requiring regular monitoring.
MWI,2022,ATROCITY_PRECURSOR,YELLOW,P7I-AMAR,Watchlist civilian protection risk requiring regular monitoring.
NAM,2022,ATROCITY_PRECURSOR,YELLOW,P7I-AMAR,Watchlist civilian protection risk requiring regular monitoring.
NER,2022,ATROCITY_PRECURSOR,YELLOW,P7I-AMAR,Watchlist civilian protection risk requiring regular monitoring.
NGA,2022,ATROCITY_PRECURSOR,YELLOW,P7I-AMAR,Watchlist civilian protection risk requiring regular monitoring.
RWA,2022,ATROCITY_PRECURSOR,YELLOW,P7I-AMAR,Watchlist civilian protection risk requiring regular monitoring.
SDN,2022,ATROCITY_PRECURSOR,YELLOW,P7I-AMAR,Watchlist civilian protection risk requiring regular monitoring.
SEN,2022,ATROCITY_PRECURSOR,YELLOW,P7I-AMAR,Watchlist civilian protection risk requiring regular monitoring.
SLE,2022,ATROCITY_PRECURSOR,YELLOW,P7I-AMAR,Watchlist civilian protection risk requiring regular monitoring.
SOM,2022,ATROCITY_PRECURSOR,YELLOW,P7I-AMAR,Watchlist civilian protection risk requiring regular monitoring.
SSD,2022,ATROCITY_PRECURSOR,YELLOW,P7I-AMAR,Watchlist civilian protection risk requiring regular monitoring.
STP,2022,ATROCITY_PRECURSOR,YELLOW,P7I-AMAR,Watchlist civilian protection risk requiring regular monitoring.
SWZ,2022,ATROCITY_PRECURSOR,YELLOW,P7I-AMAR,Watchlist civilian protection risk requiring regular monitoring.
SYC,2022,ATROCITY_PRECURSOR,YELLOW,P7I-AMAR,Watchlist civilian protection risk requiring regular monitoring.
TCD,2022,ATROCITY_PRECURSOR,YELLOW,P7I-AMAR,Watchlist civilian protection risk requiring regular monitoring.
TGO,2022,ATROCITY_PRECURSOR,YELLOW,P7I-AMAR,Watchlist civilian protection risk requiring regular monitoring.
TUN,2022,ATROCITY_PRECURSOR,YELLOW,P7I-AMAR,Watchlist civilian protection risk requiring regular monitoring.
TZA,2022,ATROCITY_PRECURSOR,YELLOW,P7I-AMAR,Watchlist civilian protection risk requiring regular monitoring.
UGA,2022,ATROCITY_PRECURSOR,YELLOW,P7I-AMAR,Watchlist civilian protection risk requiring regular monitoring.
ZAF,2022,ATROCITY_PRECURSOR,YELLOW,P7I-AMAR,Watchlist civilian protection risk requiring regular monitoring.
ZMB,2022,ATROCITY_PRECURSOR,YELLOW,P7I-AMAR,Watchlist civilian protection risk requiring regular monitoring.
ZWE,2022,ATROCITY_PRECURSOR,YELLOW,P7I-AMAR,Watchlist civilian protection risk requiring regular monitoring.
AGO,2021,ATROCITY_PRECURSOR,YELLOW,P7I-AMAR,Watchlist civilian protection risk requiring regular monitoring.
BDI,2021,ATROCITY_PRECURSOR,YELLOW,P7I-AMAR,Watchlist civilian protection risk requiring regular monitoring.
BEN,2021,ATROCITY_PRECURSOR,YELLOW,P7I-AMAR,Watchlist civilian protection risk requiring regular monitoring.
BFA,2021,ATROCITY_PRECURSOR,YELLOW,P7I-AMAR,Watchlist civilian protection risk requiring regular monitoring.
BWA,2021,ATROCITY_PRECURSOR,YELLOW,P7I-AMAR,Watchlist civilian protection risk requiring regular monitoring.
CAF,2021,ATROCITY_PRECURSOR,YELLOW,P7I-AMAR,Watchlist civilian protection risk requiring regular monitoring.
CIV,2021,ATROCITY_PRECURSOR,YELLOW,P7I-AMAR,Watchlist civilian protection risk requiring regular monitoring.
CMR,2021,ATROCITY_PRECURSOR,YELLOW,P7I-AMAR,Watchlist civilian protection risk requiring regular monitoring.
COD,2021,ATROCITY_PRECURSOR,YELLOW,P7I-AMAR,Watchlist civilian protection risk requiring regular monitoring.
COG,2021,ATROCITY_PRECURSOR,YELLOW,P7I-AMAR,Watchlist civilian protection risk requiring regular monitoring.
COM,2021,ATROCITY_PRECURSOR,YELLOW,P7I-AMAR,Watchlist civilian protection risk requiring regular monitoring.
CPV,2021,ATROCITY_PRECURSOR,YELLOW,P7I-AMAR,Watchlist civilian protection risk requiring regular monitoring.
DJI,2021,ATROCITY_PRECURSOR,YELLOW,P7I-AMAR,Watchlist civilian protection risk requiring regular monitoring.
DZA,2021,ATROCITY_PRECURSOR,YELLOW,P7I-AMAR,Watchlist civilian protection risk requiring regular monitoring.
EGY,2021,ATROCITY_PRECURSOR,YELLOW,P7I-AMAR,Watchlist civilian protection risk requiring regular monitoring.
ERI,2021,ATROCITY_PRECURSOR,YELLOW,P7I-AMAR,Watchlist civilian protection risk requiring regular monitoring.
ETH,2021,ATROCITY_PRECURSOR,YELLOW,P7I-AMAR,Watchlist civilian protection risk requiring regular monitoring.
GAB,2021,ATROCITY_PRECURSOR,YELLOW,P7I-AMAR,Watchlist civilian protection risk requiring regular monitoring.
GHA,2021,ATROCITY_PRECURSOR,YELLOW,P7I-AMAR,Watchlist civilian protection risk requiring regular monitoring.
GIN,2021,ATROCITY_PRECURSOR,YELLOW,P7I-AMAR,Watchlist civilian protection risk requiring regular monitoring.
GMB,2021,ATROCITY_PRECURSOR,YELLOW,P7I-AMAR,Watchlist civilian protection risk requiring regular monitoring.
GNB,2021,ATROCITY_PRECURSOR,YELLOW,P7I-AMAR,Watchlist civilian protection risk requiring regular monitoring.
GNQ,2021,ATROCITY_PRECURSOR,YELLOW,P7I-AMAR,Watchlist civilian protection risk requiring regular monitoring.
KEN,2021,ATROCITY_PRECURSOR,YELLOW,P7I-AMAR,Watchlist civilian protection risk requiring regular monitoring.
LBR,2021,ATROCITY_PRECURSOR,YELLOW,P7I-AMAR,Watchlist civilian protection risk requiring regular monitoring.
LBY,2021,ATROCITY_PRECURSOR,YELLOW,P7I-AMAR,Watchlist civilian protection risk requiring regular monitoring.
LSO,2021,ATROCITY_PRECURSOR,YELLOW,P7I-AMAR,Watchlist civilian protection risk requiring regular monitoring.
MAR,2021,ATROCITY_PRECURSOR,YELLOW,P7I-AMAR,Watchlist civilian protection risk requiring regular monitoring.
MDG,2021,ATROCITY_PRECURSOR,YELLOW,P7I-AMAR,Watchlist civilian protection risk requiring regular monitoring.
MLI,2021,ATROCITY_PRECURSOR,YELLOW,P7I-AMAR,Watchlist civilian protection risk requiring regular monitoring.
MOZ,2021,ATROCITY_PRECURSOR,YELLOW,P7I-AMAR,Watchlist civilian protection risk requiring regular monitoring.
MRT,2021,ATROCITY_PRECURSOR,YELLOW,P7I-AMAR,Watchlist civilian protection risk requiring regular monitoring.
MUS,2021,ATROCITY_PRECURSOR,YELLOW,P7I-AMAR,Watchlist civilian protection risk requiring regular monitoring.
MWI,2021,ATROCITY_PRECURSOR,YELLOW,P7I-AMAR,Watchlist civilian protection risk requiring regular monitoring.
NAM,2021,ATROCITY_PRECURSOR,YELLOW,P7I-AMAR,Watchlist civilian protection risk requiring regular monitoring.
NER,2021,ATROCITY_PRECURSOR,YELLOW,P7I-AMAR,Watchlist civilian protection risk requiring regular monitoring.
NGA,2021,ATROCITY_PRECURSOR,YELLOW,P7I-AMAR,Watchlist civilian protection risk requiring regular monitoring.
RWA,2021,ATROCITY_PRECURSOR,YELLOW,P7I-AMAR,Watchlist civilian protection risk requiring regular monitoring.
SDN,2021,ATROCITY_PRECURSOR,YELLOW,P7I-AMAR,Watchlist civilian protection risk requiring regular monitoring.
SEN,2021,ATROCITY_PRECURSOR,YELLOW,P7I-AMAR,Watchlist civilian protection risk requiring regular monitoring.
SLE,2021,ATROCITY_PRECURSOR,YELLOW,P7I-AMAR,Watchlist civilian protection risk requiring regular monitoring.
SOM,2021,ATROCITY_PRECURSOR,YELLOW,P7I-AMAR,Watchlist civilian protection risk requiring regular monitoring.
SSD,2021,ATROCITY_PRECURSOR,YELLOW,P7I-AMAR,Watchlist civilian protection risk requiring regular monitoring.
STP,2021,ATROCITY_PRECURSOR,YELLOW,P7I-AMAR,Watchlist civilian protection risk requiring regular monitoring.
SWZ,2021,ATROCITY_PRECURSOR,YELLOW,P7I-AMAR,Watchlist civilian protection risk requiring regular monitoring.
SYC,2021,ATROCITY_PRECURSOR,YELLOW,P7I-AMAR,Watchlist civilian protection risk requiring regular monitoring.
TCD,2021,ATROCITY_PRECURSOR,YELLOW,P7I-AMAR,Watchlist civilian protection risk requiring regular monitoring.
TGO,2021,ATROCITY_PRECURSOR,YELLOW,P7I-AMAR,Watchlist civilian protection risk requiring regular monitoring.
TUN,2021,ATROCITY_PRECURSOR,YELLOW,P7I-AMAR,Watchlist civilian protection risk requiring regular monitoring.
TZA,2021,ATROCITY_PRECURSOR,YELLOW,P7I-AMAR,Watchlist civilian protection risk requiring regular monitoring.
UGA,2021,ATROCITY_PRECURSOR,YELLOW,P7I-AMAR,Watchlist civilian protection risk requiring regular monitoring.
ZAF,2021,ATROCITY_PRECURSOR,YELLOW,P7I-AMAR,Watchlist civilian protection risk requiring regular monitoring.
ZMB,2021,ATROCITY_PRECURSOR,YELLOW,P7I-AMAR,Watchlist civilian protection risk requiring regular monitoring.
ZWE,2021,ATROCITY_PRECURSOR,YELLOW,P7I-AMAR,Watchlist civilian protection risk requiring regular monitoring.
AGO,2020,ATROCITY_PRECURSOR,YELLOW,P7I-AMAR,Watchlist civilian protection risk requiring regular monitoring.
BDI,2020,ATROCITY_PRECURSOR,YELLOW,P7I-AMAR,Watchlist civilian protection risk requiring regular monitoring.
BEN,2020,ATROCITY_PRECURSOR,YELLOW,P7I-AMAR,Watchlist civilian protection risk requiring regular monitoring.
BFA,2020,ATROCITY_PRECURSOR,YELLOW,P7I-AMAR,Watchlist civilian protection risk requiring regular monitoring.
BWA,2020,ATROCITY_PRECURSOR,YELLOW,P7I-AMAR,Watchlist civilian protection risk requiring regular monitoring.
CAF,2020,ATROCITY_PRECURSOR,YELLOW,P7I-AMAR,Watchlist civilian protection risk requiring regular monitoring.
CIV,2020,ATROCITY_PRECURSOR,YELLOW,P7I-AMAR,Watchlist civilian protection risk requiring regular monitoring.
CMR,2020,ATROCITY_PRECURSOR,YELLOW,P7I-AMAR,Watchlist civilian protection risk requiring regular monitoring.
COD,2020,ATROCITY_PRECURSOR,YELLOW,P7I-AMAR,Watchlist civilian protection risk requiring regular monitoring.
COG,2020,ATROCITY_PRECURSOR,YELLOW,P7I-AMAR,Watchlist civilian protection risk requiring regular monitoring.
COM,2020,ATROCITY_PRECURSOR,YELLOW,P7I-AMAR,Watchlist civilian protection risk requiring regular monitoring.
CPV,2020,ATROCITY_PRECURSOR,YELLOW,P7I-AMAR,Watchlist civilian protection risk requiring regular monitoring.
DJI,2020,ATROCITY_PRECURSOR,YELLOW,P7I-AMAR,Watchlist civilian protection risk requiring regular monitoring.
DZA,2020,ATROCITY_PRECURSOR,YELLOW,P7I-AMAR,Watchlist civilian protection risk requiring regular monitoring.
EGY,2020,ATROCITY_PRECURSOR,YELLOW,P7I-AMAR,Watchlist civilian protection risk requiring regular monitoring.
ERI,2020,ATROCITY_PRECURSOR,YELLOW,P7I-AMAR,Watchlist civilian protection risk requiring regular monitoring.
ETH,2020,ATROCITY_PRECURSOR,YELLOW,P7I-AMAR,Watchlist civilian protection risk requiring regular monitoring.
GAB,2020,ATROCITY_PRECURSOR,YELLOW,P7I-AMAR,Watchlist civilian protection risk requiring regular monitoring.
GHA,2020,ATROCITY_PRECURSOR,YELLOW,P7I-AMAR,Watchlist civilian protection risk requiring regular monitoring.
GIN,2020,ATROCITY_PRECURSOR,YELLOW,P7I-AMAR,Watchlist civilian protection risk requiring regular monitoring.
GMB,2020,ATROCITY_PRECURSOR,YELLOW,P7I-AMAR,Watchlist civilian protection risk requiring regular monitoring.
GNB,2020,ATROCITY_PRECURSOR,YELLOW,P7I-AMAR,Watchlist civilian protection risk requiring regular monitoring.
GNQ,2020,ATROCITY_PRECURSOR,YELLOW,P7I-AMAR,Watchlist civilian protection risk requiring regular monitoring.
KEN,2020,ATROCITY_PRECURSOR,YELLOW,P7I-AMAR,Watchlist civilian protection risk requiring regular monitoring.
LBR,2020,ATROCITY_PRECURSOR,YELLOW,P7I-AMAR,Watchlist civilian protection risk requiring regular monitoring.
LBY,2020,ATROCITY_PRECURSOR,YELLOW,P7I-AMAR,Watchlist civilian protection risk requiring regular monitoring.
LSO,2020,ATROCITY_PRECURSOR,YELLOW,P7I-AMAR,Watchlist civilian protection risk requiring regular monitoring.
MAR,2020,ATROCITY_PRECURSOR,YELLOW,P7I-AMAR,Watchlist civilian protection risk requiring regular monitoring.
MDG,2020,ATROCITY_PRECURSOR,YELLOW,P7I-AMAR,Watchlist civilian protection risk requiring regular monitoring.
MLI,2020,ATROCITY_PRECURSOR,YELLOW,P7I-AMAR,Watchlist civilian protection risk requiring regular monitoring.
MOZ,2020,ATROCITY_PRECURSOR,YELLOW,P7I-AMAR,Watchlist civilian protection risk requiring regular monitoring.
MRT,2020,ATROCITY_PRECURSOR,YELLOW,P7I-AMAR,Watchlist civilian protection risk requiring regular monitoring.
MUS,2020,ATROCITY_PRECURSOR,YELLOW,P7I-AMAR,Watchlist civilian protection risk requiring regular monitoring.
MWI,2020,ATROCITY_PRECURSOR,YELLOW,P7I-AMAR,Watchlist civilian protection risk requiring regular monitoring.
NAM,2020,ATROCITY_PRECURSOR,YELLOW,P7I-AMAR,Watchlist civilian protection risk requiring regular monitoring.
NER,2020,ATROCITY_PRECURSOR,YELLOW,P7I-AMAR,Watchlist civilian protection risk requiring regular monitoring.
NGA,2020,ATROCITY_PRECURSOR,YELLOW,P7I-AMAR,Watchlist civilian protection risk requiring regular monitoring.
RWA,2020,ATROCITY_PRECURSOR,YELLOW,P7I-AMAR,Watchlist civilian protection risk requiring regular monitoring.
SDN,2020,ATROCITY_PRECURSOR,YELLOW,P7I-AMAR,Watchlist civilian protection risk requiring regular monitoring.
SEN,2020,ATROCITY_PRECURSOR,YELLOW,P7I-AMAR,Watchlist civilian protection risk requiring regular monitoring.
SLE,2020,ATROCITY_PRECURSOR,YELLOW,P7I-AMAR,Watchlist civilian protection risk requiring regular monitoring.
SOM,2020,ATROCITY_PRECURSOR,YELLOW,P7I-AMAR,Watchlist civilian protection risk requiring regular monitoring.
SSD,2020,ATROCITY_PRECURSOR,YELLOW,P7I-AMAR,Watchlist civilian protection risk requiring regular monitoring.
STP,2020,ATROCITY_PRECURSOR,YELLOW,P7I-AMAR,Watchlist civilian protection risk requiring regular monitoring.
SWZ,2020,ATROCITY_PRECURSOR,YELLOW,P7I-AMAR,Watchlist civilian protection risk requiring regular monitoring.
SYC,2020,ATROCITY_PRECURSOR,YELLOW,P7I-AMAR,Watchlist civilian protection risk requiring regular monitoring.
TCD,2020,ATROCITY_PRECURSOR,YELLOW,P7I-AMAR,Watchlist civilian protection risk requiring regular monitoring.
TGO,2020,ATROCITY_PRECURSOR,YELLOW,P7I-AMAR,Watchlist civilian protection risk requiring regular monitoring.
TUN,2020,ATROCITY_PRECURSOR,YELLOW,P7I-AMAR,Watchlist civilian protection risk requiring regular monitoring.
TZA,2020,ATROCITY_PRECURSOR,YELLOW,P7I-AMAR,Watchlist civilian protection risk requiring regular monitoring.
UGA,2020,ATROCITY_PRECURSOR,YELLOW,P7I-AMAR,Watchlist civilian protection risk requiring regular monitoring.
ZAF,2020,ATROCITY_PRECURSOR,YELLOW,P7I-AMAR,Watchlist civilian protection risk requiring regular monitoring.
ZMB,2020,ATROCITY_PRECURSOR,YELLOW,P7I-AMAR,Watchlist civilian protection risk requiring regular monitoring.
ZWE,2020,ATROCITY_PRECURSOR,YELLOW,P7I-AMAR,Watchlist civilian protection risk requiring regular monitoring.
