country_iso3,year,region_code,region_label,annual_direction,amar_risk_band,nb_pillars_observed,publication_status
AGO,2020,AFC,Afrique Centrale,STABLE,YELLOW,10,OFFICIAL_CONSOLIDATED
AGO,2021,AFC,Afrique Centrale,IMPROVING,YELLOW,10,OFFICIAL_CONSOLIDATED
AGO,2022,AFC,Afrique Centrale,STABLE,YELLOW,10,OFFICIAL_CONSOLIDATED
AGO,2023,AFC,Afrique Centrale,STABLE,YELLOW,10,OFFICIAL_CONSOLIDATED
AGO,2024,AFC,Afrique Centrale,DETERIORATING,YELLOW,10,OFFICIAL_CONSOLIDATED
BDI,2020,AFE,Afrique de l'Est,STABLE,YELLOW,10,OFFICIAL_CONSOLIDATED
BDI,2021,AFE,Afrique de l'Est,STABLE,YELLOW,10,OFFICIAL_CONSOLIDATED
BDI,2022,AFE,Afrique de l'Est,DETERIORATING,YELLOW,10,OFFICIAL_CONSOLIDATED
BDI,2023,AFE,Afrique de l'Est,STABLE,YELLOW,10,OFFICIAL_CONSOLIDATED
BDI,2024,AFE,Afrique de l'Est,DETERIORATING,YELLOW,10,OFFICIAL_CONSOLIDATED
BEN,2020,AFW,Afrique de l'Ouest,STABLE,YELLOW,10,OFFICIAL_CONSOLIDATED
BEN,2021,AFW,Afrique de l'Ouest,IMPROVING,YELLOW,10,OFFICIAL_CONSOLIDATED
BEN,2022,AFW,Afrique de l'Ouest,DETERIORATING,YELLOW,10,OFFICIAL_CONSOLIDATED
BEN,2023,AFW,Afrique de l'Ouest,DETERIORATING,YELLOW,10,OFFICIAL_CONSOLIDATED
BEN,2024,AFW,Afrique de l'Ouest,DETERIORATING,YELLOW,10,OFFICIAL_CONSOLIDATED
BFA,2020,AFW,Afrique de l'Ouest,STABLE,YELLOW,10,OFFICIAL_CONSOLIDATED
BFA,2021,AFW,Afrique de l'Ouest,IMPROVING,YELLOW,10,OFFICIAL_CONSOLIDATED
BFA,2022,AFW,Afrique de l'Ouest,DETERIORATING,YELLOW,10,OFFICIAL_CONSOLIDATED
BFA,2023,AFW,Afrique de l'Ouest,DETERIORATING,YELLOW,10,OFFICIAL_CONSOLIDATED
BFA,2024,AFW,Afrique de l'Ouest,DETERIORATING,YELLOW,10,OFFICIAL_CONSOLIDATED
BWA,2020,AFS,Afrique Australe,STABLE,YELLOW,10,OFFICIAL_CONSOLIDATED
BWA,2021,AFS,Afrique Australe,STABLE,YELLOW,10,OFFICIAL_CONSOLIDATED
BWA,2022,AFS,Afrique Australe,DETERIORATING,YELLOW,10,OFFICIAL_CONSOLIDATED
BWA,2023,AFS,Afrique Australe,STABLE,YELLOW,10,OFFICIAL_CONSOLIDATED
BWA,2024,AFS,Afrique Australe,DETERIORATING,YELLOW,10,OFFICIAL_CONSOLIDATED
CAF,2020,AFC,Afrique Centrale,STABLE,YELLOW,10,OFFICIAL_CONSOLIDATED
CAF,2021,AFC,Afrique Centrale,IMPROVING,YELLOW,10,OFFICIAL_CONSOLIDATED
CAF,2022,AFC,Afrique Centrale,DETERIORATING,YELLOW,10,OFFICIAL_CONSOLIDATED
CAF,2023,AFC,Afrique Centrale,DETERIORATING,YELLOW,10,OFFICIAL_CONSOLIDATED
CAF,2024,AFC,Afrique Centrale,STABLE,YELLOW,10,OFFICIAL_CONSOLIDATED
CIV,2020,AFW,Afrique de l'Ouest,STABLE,YELLOW,10,OFFICIAL_CONSOLIDATED
CIV,2021,AFW,Afrique de l'Ouest,IMPROVING,YELLOW,10,OFFICIAL_CONSOLIDATED
CIV,2022,AFW,Afrique de l'Ouest,DETERIORATING,YELLOW,10,OFFICIAL_CONSOLIDATED
CIV,2023,AFW,Afrique de l'Ouest,DETERIORATING,YELLOW,10,OFFICIAL_CONSOLIDATED
CIV,2024,AFW,Afrique de l'Ouest,DETERIORATING,YELLOW,10,OFFICIAL_CONSOLIDATED
CMR,2020,AFC,Afrique Centrale,STABLE,YELLOW,10,OFFICIAL_CONSOLIDATED
CMR,2021,AFC,Afrique Centrale,IMPROVING,YELLOW,10,OFFICIAL_CONSOLIDATED
CMR,2022,AFC,Afrique Centrale,DETERIORATING,YELLOW,10,OFFICIAL_CONSOLIDATED
CMR,2023,AFC,Afrique Centrale,DETERIORATING,YELLOW,10,OFFICIAL_CONSOLIDATED
CMR,2024,AFC,Afrique Centrale,DETERIORATING,YELLOW,10,OFFICIAL_CONSOLIDATED
COD,2020,AFC,Afrique Centrale,STABLE,YELLOW,10,OFFICIAL_CONSOLIDATED
COD,2021,AFC,Afrique Centrale,IMPROVING,YELLOW,10,OFFICIAL_CONSOLIDATED
COD,2022,AFC,Afrique Centrale,DETERIORATING,YELLOW,10,OFFICIAL_CONSOLIDATED
COD,2023,AFC,Afrique Centrale,DETERIORATING,YELLOW,10,OFFICIAL_CONSOLIDATED
COD,2024,AFC,Afrique Centrale,DETERIORATING,YELLOW,10,OFFICIAL_CONSOLIDATED
COG,2020,AFC,Afrique Centrale,STABLE,YELLOW,10,OFFICIAL_CONSOLIDATED
COG,2021,AFC,Afrique Centrale,IMPROVING,YELLOW,10,OFFICIAL_CONSOLIDATED
COG,2022,AFC,Afrique Centrale,DETERIORATING,YELLOW,10,OFFICIAL_CONSOLIDATED
COG,2023,AFC,Afrique Centrale,STABLE,YELLOW,10,OFFICIAL_CONSOLIDATED
COG,2024,AFC,Afrique Centrale,DETERIORATING,YELLOW,10,OFFICIAL_CONSOLIDATED
COM,2020,AFE,Afrique de l'Est,STABLE,YELLOW,10,OFFICIAL_CONSOLIDATED
COM,2021,AFE,Afrique de l'Est,STABLE,YELLOW,10,OFFICIAL_CONSOLIDATED
COM,2022,AFE,Afrique de l'Est,DETERIORATING,YELLOW,10,OFFICIAL_CONSOLIDATED
COM,2023,AFE,Afrique de l'Est,STABLE,YELLOW,10,OFFICIAL_CONSOLIDATED
COM,2024,AFE,Afrique de l'Est,DETERIORATING,YELLOW,10,OFFICIAL_CONSOLIDATED
CPV,2020,AFW,Afrique de l'Ouest,STABLE,YELLOW,10,OFFICIAL_CONSOLIDATED
CPV,2021,AFW,Afrique de l'Ouest,DETERIORATING,YELLOW,10,OFFICIAL_CONSOLIDATED
CPV,2022,AFW,Afrique de l'Ouest,DETERIORATING,YELLOW,10,OFFICIAL_CONSOLIDATED
CPV,2023,AFW,Afrique de l'Ouest,DETERIORATING,YELLOW,10,OFFICIAL_CONSOLIDATED
CPV,2024,AFW,Afrique de l'Ouest,DETERIORATING,YELLOW,10,OFFICIAL_CONSOLIDATED
DJI,2020,AFE,Afrique de l'Est,STABLE,YELLOW,10,OFFICIAL_CONSOLIDATED
DJI,2021,AFE,Afrique de l'Est,IMPROVING,YELLOW,10,OFFICIAL_CONSOLIDATED
DJI,2022,AFE,Afrique de l'Est,STABLE,YELLOW,10,OFFICIAL_CONSOLIDATED
DJI,2023,AFE,Afrique de l'Est,DETERIORATING,YELLOW,10,OFFICIAL_CONSOLIDATED
DJI,2024,AFE,Afrique de l'Est,DETERIORATING,YELLOW,10,OFFICIAL_CONSOLIDATED
DZA,2020,AFN,Afrique du Nord,STABLE,YELLOW,10,OFFICIAL_CONSOLIDATED
DZA,2021,AFN,Afrique du Nord,IMPROVING,YELLOW,10,OFFICIAL_CONSOLIDATED
DZA,2022,AFN,Afrique du Nord,STABLE,YELLOW,10,OFFICIAL_CONSOLIDATED
DZA,2023,AFN,Afrique du Nord,STABLE,YELLOW,10,OFFICIAL_CONSOLIDATED
DZA,2024,AFN,Afrique du Nord,DETERIORATING,YELLOW,10,OFFICIAL_CONSOLIDATED
EGY,2020,AFN,Afrique du Nord,STABLE,YELLOW,10,OFFICIAL_CONSOLIDATED
EGY,2021,AFN,Afrique du Nord,IMPROVING,YELLOW,10,OFFICIAL_CONSOLIDATED
EGY,2022,AFN,Afrique du Nord,DETERIORATING,YELLOW,10,OFFICIAL_CONSOLIDATED
EGY,2023,AFN,Afrique du Nord,STABLE,YELLOW,10,OFFICIAL_CONSOLIDATED
EGY,2024,AFN,Afrique du Nord,DETERIORATING,YELLOW,10,OFFICIAL_CONSOLIDATED
ERI,2020,AFE,Afrique de l'Est,STABLE,YELLOW,10,OFFICIAL_CONSOLIDATED
ERI,2021,AFE,Afrique de l'Est,STABLE,YELLOW,10,OFFICIAL_CONSOLIDATED
ERI,2022,AFE,Afrique de l'Est,STABLE,YELLOW,10,OFFICIAL_CONSOLIDATED
ERI,2023,AFE,Afrique de l'Est,DETERIORATING,YELLOW,10,OFFICIAL_CONSOLIDATED
ERI,2024,AFE,Afrique de l'Est,DETERIORATING,YELLOW,10,OFFICIAL_CONSOLIDATED
ETH,2020,AFE,Afrique de l'Est,STABLE,YELLOW,10,OFFICIAL_CONSOLIDATED
ETH,2021,AFE,Afrique de l'Est,IMPROVING,YELLOW,10,OFFICIAL_CONSOLIDATED
ETH,2022,AFE,Afrique de l'Est,DETERIORATING,YELLOW,10,OFFICIAL_CONSOLIDATED
ETH,2023,AFE,Afrique de l'Est,DETERIORATING,YELLOW,10,OFFICIAL_CONSOLIDATED
ETH,2024,AFE,Afrique de l'Est,DETERIORATING,YELLOW,10,OFFICIAL_CONSOLIDATED
GAB,2020,AFC,Afrique Centrale,STABLE,YELLOW,10,OFFICIAL_CONSOLIDATED
GAB,2021,AFC,Afrique Centrale,STABLE,YELLOW,10,OFFICIAL_CONSOLIDATED
GAB,2022,AFC,Afrique Centrale,DETERIORATING,YELLOW,10,OFFICIAL_CONSOLIDATED
GAB,2023,AFC,Afrique Centrale,STABLE,YELLOW,10,OFFICIAL_CONSOLIDATED
GAB,2024,AFC,Afrique Centrale,STABLE,YELLOW,10,OFFICIAL_CONSOLIDATED
GHA,2020,AFW,Afrique de l'Ouest,STABLE,YELLOW,10,OFFICIAL_CONSOLIDATED
GHA,2021,AFW,Afrique de l'Ouest,IMPROVING,YELLOW,10,OFFICIAL_CONSOLIDATED
GHA,2022,AFW,Afrique de l'Ouest,DETERIORATING,YELLOW,10,OFFICIAL_CONSOLIDATED
GHA,2023,AFW,Afrique de l'Ouest,DETERIORATING,YELLOW,10,OFFICIAL_CONSOLIDATED
GHA,2024,AFW,Afrique de l'Ouest,DETERIORATING,YELLOW,10,OFFICIAL_CONSOLIDATED
GIN,2020,AFW,Afrique de l'Ouest,STABLE,YELLOW,10,OFFICIAL_CONSOLIDATED
GIN,2021,AFW,Afrique de l'Ouest,STABLE,YELLOW,10,OFFICIAL_CONSOLIDATED
GIN,2022,AFW,Afrique de l'Ouest,STABLE,YELLOW,10,OFFICIAL_CONSOLIDATED
GIN,2023,AFW,Afrique de l'Ouest,DETERIORATING,YELLOW,10,OFFICIAL_CONSOLIDATED
GIN,2024,AFW,Afrique de l'Ouest,DETERIORATING,YELLOW,10,OFFICIAL_CONSOLIDATED
GMB,2020,AFW,Afrique de l'Ouest,STABLE,YELLOW,10,OFFICIAL_CONSOLIDATED
GMB,2021,AFW,Afrique de l'Ouest,DETERIORATING,YELLOW,10,OFFICIAL_CONSOLIDATED
GMB,2022,AFW,Afrique de l'Ouest,DETERIORATING,YELLOW,10,OFFICIAL_CONSOLIDATED
GMB,2023,AFW,Afrique de l'Ouest,STABLE,YELLOW,10,OFFICIAL_CONSOLIDATED
GMB,2024,AFW,Afrique de l'Ouest,DETERIORATING,YELLOW,10,OFFICIAL_CONSOLIDATED
GNB,2020,AFW,Afrique de l'Ouest,STABLE,YELLOW,10,OFFICIAL_CONSOLIDATED
GNB,2021,AFW,Afrique de l'Ouest,STABLE,YELLOW,10,OFFICIAL_CONSOLIDATED
GNB,2022,AFW,Afrique de l'Ouest,DETERIORATING,YELLOW,10,OFFICIAL_CONSOLIDATED
GNB,2023,AFW,Afrique de l'Ouest,STABLE,YELLOW,10,OFFICIAL_CONSOLIDATED
GNB,2024,AFW,Afrique de l'Ouest,DETERIORATING,YELLOW,10,OFFICIAL_CONSOLIDATED
GNQ,2020,AFC,Afrique Centrale,STABLE,YELLOW,10,OFFICIAL_CONSOLIDATED
GNQ,2021,AFC,Afrique Centrale,DETERIORATING,YELLOW,10,OFFICIAL_CONSOLIDATED
GNQ,2022,AFC,Afrique Centrale,STABLE,YELLOW,10,OFFICIAL_CONSOLIDATED
GNQ,2023,AFC,Afrique Centrale,DETERIORATING,YELLOW,10,OFFICIAL_CONSOLIDATED
GNQ,2024,AFC,Afrique Centrale,DETERIORATING,YELLOW,10,OFFICIAL_CONSOLIDATED
KEN,2020,AFE,Afrique de l'Est,STABLE,YELLOW,10,OFFICIAL_CONSOLIDATED
KEN,2021,AFE,Afrique de l'Est,IMPROVING,YELLOW,10,OFFICIAL_CONSOLIDATED
KEN,2022,AFE,Afrique de l'Est,DETERIORATING,YELLOW,10,OFFICIAL_CONSOLIDATED
KEN,2023,AFE,Afrique de l'Est,DETERIORATING,YELLOW,10,OFFICIAL_CONSOLIDATED
KEN,2024,AFE,Afrique de l'Est,DETERIORATING,YELLOW,10,OFFICIAL_CONSOLIDATED
LBR,2020,AFW,Afrique de l'Ouest,STABLE,YELLOW,10,OFFICIAL_CONSOLIDATED
LBR,2021,AFW,Afrique de l'Ouest,STABLE,YELLOW,10,OFFICIAL_CONSOLIDATED
LBR,2022,AFW,Afrique de l'Ouest,STABLE,YELLOW,10,OFFICIAL_CONSOLIDATED
LBR,2023,AFW,Afrique de l'Ouest,DETERIORATING,YELLOW,10,OFFICIAL_CONSOLIDATED
LBR,2024,AFW,Afrique de l'Ouest,DETERIORATING,YELLOW,10,OFFICIAL_CONSOLIDATED
LBY,2020,AFN,Afrique du Nord,STABLE,YELLOW,10,OFFICIAL_CONSOLIDATED
LBY,2021,AFN,Afrique du Nord,IMPROVING,YELLOW,10,OFFICIAL_CONSOLIDATED
LBY,2022,AFN,Afrique du Nord,STABLE,YELLOW,10,OFFICIAL_CONSOLIDATED
LBY,2023,AFN,Afrique du Nord,DETERIORATING,YELLOW,10,OFFICIAL_CONSOLIDATED
LBY,2024,AFN,Afrique du Nord,DETERIORATING,YELLOW,10,OFFICIAL_CONSOLIDATED
LSO,2020,AFS,Afrique Australe,STABLE,YELLOW,10,OFFICIAL_CONSOLIDATED
LSO,2021,AFS,Afrique Australe,DETERIORATING,YELLOW,10,OFFICIAL_CONSOLIDATED
LSO,2022,AFS,Afrique Australe,STABLE,YELLOW,10,OFFICIAL_CONSOLIDATED
LSO,2023,AFS,Afrique Australe,STABLE,YELLOW,10,OFFICIAL_CONSOLIDATED
LSO,2024,AFS,Afrique Australe,STABLE,YELLOW,10,OFFICIAL_CONSOLIDATED
MAR,2020,AFN,Afrique du Nord,STABLE,YELLOW,10,OFFICIAL_CONSOLIDATED
MAR,2021,AFN,Afrique du Nord,IMPROVING,YELLOW,10,OFFICIAL_CONSOLIDATED
MAR,2022,AFN,Afrique du Nord,DETERIORATING,YELLOW,10,OFFICIAL_CONSOLIDATED
MAR,2023,AFN,Afrique du Nord,STABLE,YELLOW,10,OFFICIAL_CONSOLIDATED
MAR,2024,AFN,Afrique du Nord,DETERIORATING,YELLOW,10,OFFICIAL_CONSOLIDATED
MDG,2020,AFE,Afrique de l'Est,STABLE,YELLOW,10,OFFICIAL_CONSOLIDATED
MDG,2021,AFE,Afrique de l'Est,IMPROVING,YELLOW,10,OFFICIAL_CONSOLIDATED
MDG,2022,AFE,Afrique de l'Est,DETERIORATING,YELLOW,10,OFFICIAL_CONSOLIDATED
MDG,2023,AFE,Afrique de l'Est,STABLE,YELLOW,10,OFFICIAL_CONSOLIDATED
MDG,2024,AFE,Afrique de l'Est,DETERIORATING,YELLOW,10,OFFICIAL_CONSOLIDATED
MLI,2020,AFW,Afrique de l'Ouest,STABLE,YELLOW,10,OFFICIAL_CONSOLIDATED
MLI,2021,AFW,Afrique de l'Ouest,STABLE,YELLOW,10,OFFICIAL_CONSOLIDATED
MLI,2022,AFW,Afrique de l'Ouest,STABLE,YELLOW,10,OFFICIAL_CONSOLIDATED
MLI,2023,AFW,Afrique de l'Ouest,DETERIORATING,YELLOW,10,OFFICIAL_CONSOLIDATED
MLI,2024,AFW,Afrique de l'Ouest,DETERIORATING,YELLOW,10,OFFICIAL_CONSOLIDATED
MOZ,2020,AFE,Afrique de l'Est,STABLE,YELLOW,10,OFFICIAL_CONSOLIDATED
MOZ,2021,AFE,Afrique de l'Est,STABLE,YELLOW,10,OFFICIAL_CONSOLIDATED
MOZ,2022,AFE,Afrique de l'Est,STABLE,YELLOW,10,OFFICIAL_CONSOLIDATED
MOZ,2023,AFE,Afrique de l'Est,DETERIORATING,YELLOW,10,OFFICIAL_CONSOLIDATED
MOZ,2024,AFE,Afrique de l'Est,DETERIORATING,YELLOW,10,OFFICIAL_CONSOLIDATED
MRT,2020,AFN,Afrique du Nord,STABLE,YELLOW,10,OFFICIAL_CONSOLIDATED
MRT,2021,AFN,Afrique du Nord,STABLE,YELLOW,10,OFFICIAL_CONSOLIDATED
MRT,2022,AFN,Afrique du Nord,DETERIORATING,YELLOW,10,OFFICIAL_CONSOLIDATED
MRT,2023,AFN,Afrique du Nord,STABLE,YELLOW,10,OFFICIAL_CONSOLIDATED
MRT,2024,AFN,Afrique du Nord,DETERIORATING,YELLOW,10,OFFICIAL_CONSOLIDATED
MUS,2020,AFE,Afrique de l'Est,STABLE,YELLOW,10,OFFICIAL_CONSOLIDATED
MUS,2021,AFE,Afrique de l'Est,STABLE,YELLOW,10,OFFICIAL_CONSOLIDATED
MUS,2022,AFE,Afrique de l'Est,DETERIORATING,YELLOW,10,OFFICIAL_CONSOLIDATED
MUS,2023,AFE,Afrique de l'Est,STABLE,YELLOW,10,OFFICIAL_CONSOLIDATED
MUS,2024,AFE,Afrique de l'Est,STABLE,YELLOW,10,OFFICIAL_CONSOLIDATED
MWI,2020,AFE,Afrique de l'Est,STABLE,YELLOW,10,OFFICIAL_CONSOLIDATED
MWI,2021,AFE,Afrique de l'Est,STABLE,YELLOW,10,OFFICIAL_CONSOLIDATED
MWI,2022,AFE,Afrique de l'Est,DETERIORATING,YELLOW,10,OFFICIAL_CONSOLIDATED
MWI,2023,AFE,Afrique de l'Est,DETERIORATING,YELLOW,10,OFFICIAL_CONSOLIDATED
MWI,2024,AFE,Afrique de l'Est,DETERIORATING,YELLOW,10,OFFICIAL_CONSOLIDATED
NAM,2020,AFS,Afrique Australe,STABLE,YELLOW,10,OFFICIAL_CONSOLIDATED
NAM,2021,AFS,Afrique Australe,STABLE,YELLOW,10,OFFICIAL_CONSOLIDATED
NAM,2022,AFS,Afrique Australe,DETERIORATING,YELLOW,10,OFFICIAL_CONSOLIDATED
NAM,2023,AFS,Afrique Australe,DETERIORATING,YELLOW,10,OFFICIAL_CONSOLIDATED
NAM,2024,AFS,Afrique Australe,DETERIORATING,YELLOW,10,OFFICIAL_CONSOLIDATED
NER,2020,AFW,Afrique de l'Ouest,STABLE,YELLOW,10,OFFICIAL_CONSOLIDATED
NER,2021,AFW,Afrique de l'Ouest,IMPROVING,YELLOW,10,OFFICIAL_CONSOLIDATED
NER,2022,AFW,Afrique de l'Ouest,DETERIORATING,YELLOW,10,OFFICIAL_CONSOLIDATED
NER,2023,AFW,Afrique de l'Ouest,DETERIORATING,YELLOW,10,OFFICIAL_CONSOLIDATED
NER,2024,AFW,Afrique de l'Ouest,DETERIORATING,YELLOW,10,OFFICIAL_CONSOLIDATED
NGA,2020,AFW,Afrique de l'Ouest,STABLE,YELLOW,10,OFFICIAL_CONSOLIDATED
NGA,2021,AFW,Afrique de l'Ouest,IMPROVING,YELLOW,10,OFFICIAL_CONSOLIDATED
NGA,2022,AFW,Afrique de l'Ouest,DETERIORATING,YELLOW,10,OFFICIAL_CONSOLIDATED
NGA,2023,AFW,Afrique de l'Ouest,DETERIORATING,YELLOW,10,OFFICIAL_CONSOLIDATED
NGA,2024,AFW,Afrique de l'Ouest,DETERIORATING,YELLOW,10,OFFICIAL_CONSOLIDATED
RWA,2020,AFE,Afrique de l'Est,STABLE,YELLOW,10,OFFICIAL_CONSOLIDATED
RWA,2021,AFE,Afrique de l'Est,STABLE,YELLOW,10,OFFICIAL_CONSOLIDATED
RWA,2022,AFE,Afrique de l'Est,DETERIORATING,YELLOW,10,OFFICIAL_CONSOLIDATED
RWA,2023,AFE,Afrique de l'Est,STABLE,YELLOW,10,OFFICIAL_CONSOLIDATED
RWA,2024,AFE,Afrique de l'Est,DETERIORATING,YELLOW,10,OFFICIAL_CONSOLIDATED
SDN,2020,AFN,Afrique du Nord,STABLE,YELLOW,10,OFFICIAL_CONSOLIDATED
SDN,2021,AFN,Afrique du Nord,IMPROVING,YELLOW,10,OFFICIAL_CONSOLIDATED
SDN,2022,AFN,Afrique du Nord,DETERIORATING,YELLOW,10,OFFICIAL_CONSOLIDATED
SDN,2023,AFN,Afrique du Nord,DETERIORATING,YELLOW,10,OFFICIAL_CONSOLIDATED
SDN,2024,AFN,Afrique du Nord,DETERIORATING,ORANGE,10,OFFICIAL_CONSOLIDATED
SEN,2020,AFW,Afrique de l'Ouest,STABLE,YELLOW,10,OFFICIAL_CONSOLIDATED
SEN,2021,AFW,Afrique de l'Ouest,STABLE,YELLOW,10,OFFICIAL_CONSOLIDATED
SEN,2022,AFW,Afrique de l'Ouest,DETERIORATING,YELLOW,10,OFFICIAL_CONSOLIDATED
SEN,2023,AFW,Afrique de l'Ouest,DETERIORATING,YELLOW,10,OFFICIAL_CONSOLIDATED
SEN,2024,AFW,Afrique de l'Ouest,DETERIORATING,YELLOW,10,OFFICIAL_CONSOLIDATED
SLE,2020,AFW,Afrique de l'Ouest,STABLE,YELLOW,10,OFFICIAL_CONSOLIDATED
SLE,2021,AFW,Afrique de l'Ouest,STABLE,YELLOW,10,OFFICIAL_CONSOLIDATED
SLE,2022,AFW,Afrique de l'Ouest,DETERIORATING,YELLOW,10,OFFICIAL_CONSOLIDATED
SLE,2023,AFW,Afrique de l'Ouest,STABLE,YELLOW,10,OFFICIAL_CONSOLIDATED
SLE,2024,AFW,Afrique de l'Ouest,STABLE,YELLOW,10,OFFICIAL_CONSOLIDATED
SOM,2020,AFE,Afrique de l'Est,STABLE,YELLOW,10,OFFICIAL_CONSOLIDATED
SOM,2021,AFE,Afrique de l'Est,STABLE,YELLOW,10,OFFICIAL_CONSOLIDATED
SOM,2022,AFE,Afrique de l'Est,DETERIORATING,YELLOW,10,OFFICIAL_CONSOLIDATED
SOM,2023,AFE,Afrique de l'Est,STABLE,YELLOW,10,OFFICIAL_CONSOLIDATED
SOM,2024,AFE,Afrique de l'Est,DETERIORATING,YELLOW,10,OFFICIAL_CONSOLIDATED
SSD,2020,AFE,Afrique de l'Est,STABLE,YELLOW,10,OFFICIAL_CONSOLIDATED
SSD,2021,AFE,Afrique de l'Est,STABLE,YELLOW,10,OFFICIAL_CONSOLIDATED
SSD,2022,AFE,Afrique de l'Est,DETERIORATING,YELLOW,10,OFFICIAL_CONSOLIDATED
SSD,2023,AFE,Afrique de l'Est,STABLE,ORANGE,10,OFFICIAL_CONSOLIDATED
SSD,2024,AFE,Afrique de l'Est,STABLE,ORANGE,10,OFFICIAL_CONSOLIDATED
STP,2020,AFC,Afrique Centrale,STABLE,YELLOW,10,OFFICIAL_CONSOLIDATED
STP,2021,AFC,Afrique Centrale,STABLE,YELLOW,10,OFFICIAL_CONSOLIDATED
STP,2022,AFC,Afrique Centrale,DETERIORATING,YELLOW,10,OFFICIAL_CONSOLIDATED
STP,2023,AFC,Afrique Centrale,STABLE,YELLOW,10,OFFICIAL_CONSOLIDATED
STP,2024,AFC,Afrique Centrale,DETERIORATING,YELLOW,10,OFFICIAL_CONSOLIDATED
SWZ,2020,AFS,Afrique Australe,STABLE,YELLOW,10,OFFICIAL_CONSOLIDATED
SWZ,2021,AFS,Afrique Australe,IMPROVING,YELLOW,10,OFFICIAL_CONSOLIDATED
SWZ,2022,AFS,Afrique Australe,DETERIORATING,YELLOW,10,OFFICIAL_CONSOLIDATED
SWZ,2023,AFS,Afrique Australe,DETERIORATING,YELLOW,10,OFFICIAL_CONSOLIDATED
SWZ,2024,AFS,Afrique Australe,DETERIORATING,YELLOW,10,OFFICIAL_CONSOLIDATED
SYC,2020,AFE,Afrique de l'Est,STABLE,YELLOW,10,OFFICIAL_CONSOLIDATED
SYC,2021,AFE,Afrique de l'Est,STABLE,YELLOW,10,OFFICIAL_CONSOLIDATED
SYC,2022,AFE,Afrique de l'Est,DETERIORATING,YELLOW,10,OFFICIAL_CONSOLIDATED
SYC,2023,AFE,Afrique de l'Est,DETERIORATING,YELLOW,10,OFFICIAL_CONSOLIDATED
SYC,2024,AFE,Afrique de l'Est,DETERIORATING,YELLOW,10,OFFICIAL_CONSOLIDATED
TCD,2020,AFC,Afrique Centrale,STABLE,YELLOW,10,OFFICIAL_CONSOLIDATED
TCD,2021,AFC,Afrique Centrale,IMPROVING,YELLOW,10,OFFICIAL_CONSOLIDATED
TCD,2022,AFC,Afrique Centrale,DETERIORATING,YELLOW,10,OFFICIAL_CONSOLIDATED
TCD,2023,AFC,Afrique Centrale,DETERIORATING,YELLOW,10,OFFICIAL_CONSOLIDATED
TCD,2024,AFC,Afrique Centrale,DETERIORATING,YELLOW,10,OFFICIAL_CONSOLIDATED
TGO,2020,AFW,Afrique de l'Ouest,STABLE,YELLOW,10,OFFICIAL_CONSOLIDATED
TGO,2021,AFW,Afrique de l'Ouest,STABLE,YELLOW,10,OFFICIAL_CONSOLIDATED
TGO,2022,AFW,Afrique de l'Ouest,DETERIORATING,YELLOW,10,OFFICIAL_CONSOLIDATED
TGO,2023,AFW,Afrique de l'Ouest,DETERIORATING,YELLOW,10,OFFICIAL_CONSOLIDATED
TGO,2024,AFW,Afrique de l'Ouest,DETERIORATING,YELLOW,10,OFFICIAL_CONSOLIDATED
TUN,2020,AFN,Afrique du Nord,STABLE,YELLOW,10,OFFICIAL_CONSOLIDATED
TUN,2021,AFN,Afrique du Nord,IMPROVING,YELLOW,10,OFFICIAL_CONSOLIDATED
TUN,2022,AFN,Afrique du Nord,DETERIORATING,YELLOW,10,OFFICIAL_CONSOLIDATED
TUN,2023,AFN,Afrique du Nord,STABLE,YELLOW,10,OFFICIAL_CONSOLIDATED
TUN,2024,AFN,Afrique du Nord,DETERIORATING,YELLOW,10,OFFICIAL_CONSOLIDATED
TZA,2020,AFE,Afrique de l'Est,STABLE,YELLOW,10,OFFICIAL_CONSOLIDATED
TZA,2021,AFE,Afrique de l'Est,STABLE,YELLOW,10,OFFICIAL_CONSOLIDATED
TZA,2022,AFE,Afrique de l'Est,DETERIORATING,YELLOW,10,OFFICIAL_CONSOLIDATED
TZA,2023,AFE,Afrique de l'Est,DETERIORATING,YELLOW,10,OFFICIAL_CONSOLIDATED
TZA,2024,AFE,Afrique de l'Est,DETERIORATING,YELLOW,10,OFFICIAL_CONSOLIDATED
UGA,2020,AFE,Afrique de l'Est,STABLE,YELLOW,10,OFFICIAL_CONSOLIDATED
UGA,2021,AFE,Afrique de l'Est,IMPROVING,YELLOW,10,OFFICIAL_CONSOLIDATED
UGA,2022,AFE,Afrique de l'Est,DETERIORATING,YELLOW,10,OFFICIAL_CONSOLIDATED
UGA,2023,AFE,Afrique de l'Est,STABLE,YELLOW,10,OFFICIAL_CONSOLIDATED
UGA,2024,AFE,Afrique de l'Est,DETERIORATING,YELLOW,10,OFFICIAL_CONSOLIDATED
ZAF,2020,AFS,Afrique Australe,STABLE,YELLOW,10,OFFICIAL_CONSOLIDATED
ZAF,2021,AFS,Afrique Australe,IMPROVING,YELLOW,10,OFFICIAL_CONSOLIDATED
ZAF,2022,AFS,Afrique Australe,DETERIORATING,YELLOW,10,OFFICIAL_CONSOLIDATED
ZAF,2023,AFS,Afrique Australe,DETERIORATING,YELLOW,10,OFFICIAL_CONSOLIDATED
ZAF,2024,AFS,Afrique Australe,DETERIORATING,YELLOW,10,OFFICIAL_CONSOLIDATED
ZMB,2020,AFE,Afrique de l'Est,STABLE,YELLOW,10,OFFICIAL_CONSOLIDATED
ZMB,2021,AFE,Afrique de l'Est,IMPROVING,YELLOW,10,OFFICIAL_CONSOLIDATED
ZMB,2022,AFE,Afrique de l'Est,STABLE,YELLOW,10,OFFICIAL_CONSOLIDATED
ZMB,2023,AFE,Afrique de l'Est,DETERIORATING,YELLOW,10,OFFICIAL_CONSOLIDATED
ZMB,2024,AFE,Afrique de l'Est,DETERIORATING,YELLOW,10,OFFICIAL_CONSOLIDATED
ZWE,2020,AFE,Afrique de l'Est,STABLE,YELLOW,10,OFFICIAL_CONSOLIDATED
ZWE,2021,AFE,Afrique de l'Est,IMPROVING,YELLOW,10,OFFICIAL_CONSOLIDATED
ZWE,2022,AFE,Afrique de l'Est,DETERIORATING,YELLOW,10,OFFICIAL_CONSOLIDATED
ZWE,2023,AFE,Afrique de l'Est,DETERIORATING,YELLOW,10,OFFICIAL_CONSOLIDATED
ZWE,2024,AFE,Afrique de l'Est,DETERIORATING,YELLOW,10,OFFICIAL_CONSOLIDATED
